real_steps,return,policy_loss,value_loss,entropy_loss,model_s_loss,model_r_loss,imag_p_loss,imag_v_loss,imag_e_loss
44,44.0,-0.004253235645592213,141.2022705078125,-0.6909492611885071,0.0,0.0,0.0,0.0,0.0
74,30.0,0.003904149867594242,101.42996215820312,-0.6890016198158264,0.0,0.0,0.0,0.0,0.0
90,16.0,-0.01877506822347641,48.02978515625,-0.6867548823356628,0.0,0.0,0.0,0.0,0.0
105,15.0,-0.054288413375616074,43.07441329956055,-0.6856090426445007,0.0,0.0,0.0,0.0,0.0
115,10.0,-0.04546583816409111,23.019378662109375,-0.6626447439193726,0.0,0.0,0.0,0.0,0.0
133,18.0,-0.03532692790031433,53.28533172607422,-0.6771710515022278,0.0,0.0,0.0,0.0,0.0
152,19.0,0.00808814074844122,57.386165618896484,-0.6875637173652649,0.0,0.0,0.0,0.0,0.0
173,21.0,0.051585499197244644,65.05738830566406,-0.6782360076904297,0.0,0.0,0.0,0.0,0.0
196,23.0,-0.009229311719536781,72.42890167236328,-0.6866855025291443,0.0,0.0,0.0,0.0,0.0
216,20.0,0.0005973410443402827,60.460350036621094,-0.6825870275497437,0.0,0.0,0.0,0.0,0.0
235,19.0,-0.013023740611970425,54.509464263916016,-0.6876826286315918,0.0,0.0,0.0,0.0,0.0
265,30.0,0.011040426790714264,96.1115951538086,-0.6889495253562927,0.0,0.0,0.0,0.0,0.0
285,20.0,0.00018809556786436588,58.51084518432617,-0.6911324262619019,0.0,0.0,0.0,0.0,0.0
308,23.0,-0.0125890439376235,69.08526611328125,-0.6894223690032959,0.0,0.0,0.0,0.0,0.0
340,32.0,0.003728017210960388,98.14913940429688,-0.6913488507270813,0.0,0.0,0.0,0.0,0.0
362,22.0,-0.007280518300831318,64.21488952636719,-0.691469132900238,0.0,0.0,0.0,0.0,0.0
395,33.0,0.00480275833979249,101.05906677246094,-0.6892679929733276,0.0,0.0,0.0,0.0,0.0
413,18.0,-0.018975060433149338,47.38381576538086,-0.6894104480743408,0.0,0.0,0.0,0.0,0.0
430,17.0,0.030170133337378502,43.2620849609375,-0.6877241730690002,0.0,0.0,0.0,0.0,0.0
466,36.0,-0.008837278932332993,106.81727600097656,-0.6920974850654602,0.0,0.0,0.0,0.0,0.0
490,24.0,0.0021693739108741283,69.11373901367188,-0.689463198184967,0.0,0.0,0.0,0.0,0.0
534,44.0,-0.016051221638917923,128.88314819335938,-0.6897817254066467,0.0,0.0,0.0,0.0,0.0
557,23.0,-0.013001829385757446,58.09001541137695,-0.6918509006500244,0.0,0.0,0.0,0.0,0.0
594,37.0,-0.0003543877974152565,107.68439483642578,-0.6909623742103577,0.0,0.0,0.0,0.0,0.0
635,41.0,-0.0037987418472766876,116.0037612915039,-0.690580427646637,0.0,0.0,0.0,0.0,0.0
648,13.0,0.09140582382678986,23.753192901611328,-0.6690254211425781,0.0,0.0,0.0,0.0,0.0
661,13.0,-0.023580141365528107,22.259471893310547,-0.6925475001335144,0.0,0.0,0.0,0.0,0.0
677,16.0,0.06515449285507202,31.820547103881836,-0.6811704039573669,0.0,0.0,0.0,0.0,0.0
689,12.0,-0.020608313381671906,19.41316795349121,-0.6908270716667175,0.0,0.0,0.0,0.0,0.0
700,11.0,-0.04015042260289192,20.879653930664062,-0.6859244108200073,0.0,0.0,0.0,0.0,0.0
724,24.0,-0.014198283664882183,62.07232666015625,-0.6850258708000183,0.0,0.0,0.0,0.0,0.0
735,11.0,0.08147772401571274,14.684918403625488,-0.6851197481155396,0.0,0.0,0.0,0.0,0.0
764,29.0,0.01502856146544218,74.91793823242188,-0.6827182173728943,0.0,0.0,0.0,0.0,0.0
789,25.0,0.047774411737918854,62.35402297973633,-0.6858243346214294,0.0,0.0,0.0,0.0,0.0
809,20.0,-0.004515614360570908,42.1415901184082,-0.6890872716903687,0.0,0.0,0.0,0.0,0.0
818,9.0,-0.00026517591322772205,13.204638481140137,-0.6902397274971008,0.0,0.0,0.0,0.0,0.0
837,19.0,0.024743901565670967,40.575965881347656,-0.6894543766975403,0.0,0.0,0.0,0.0,0.0
853,16.0,-0.02006407082080841,31.09204864501953,-0.6911153793334961,0.0,0.0,0.0,0.0,0.0
865,12.0,-0.00024368696904275566,15.94525146484375,-0.6907220482826233,0.0,0.0,0.0,0.0,0.0
876,11.0,0.0647040382027626,14.754222869873047,-0.6852718591690063,0.0,0.0,0.0,0.0,0.0
910,34.0,-0.012601449154317379,88.27263641357422,-0.6886948943138123,0.0,0.0,0.0,0.0,0.0
947,37.0,-0.024453474208712578,92.31559753417969,-0.6873372197151184,0.0,0.0,0.0,0.0,0.0
956,9.0,0.02514742687344551,13.665313720703125,-0.6906131505966187,0.0,0.0,0.0,0.0,0.0
991,35.0,-0.014153269119560719,85.51484680175781,-0.69024658203125,0.0,0.0,0.0,0.0,0.0
1003,12.0,-0.0698760449886322,14.801060676574707,-0.6816321015357971,0.0,0.0,0.0,0.0,0.0
1025,22.0,0.009392899461090565,48.91519546508789,-0.6811126470565796,0.0,0.0,0.0,0.0,0.0
1052,27.0,-0.03739260137081146,60.139713287353516,-0.6879433989524841,0.0,0.0,0.0,0.0,0.0
1070,18.0,-0.021159034222364426,28.06212615966797,-0.6898642182350159,0.0,0.0,0.0,0.0,0.0
1098,28.0,-0.0034129121340811253,62.03607940673828,-0.6880609393119812,0.0,0.0,0.0,0.0,0.0
1122,24.0,-0.005358421243727207,48.24904251098633,-0.6872628331184387,0.0,0.0,0.0,0.0,0.0
1183,61.0,-0.005716854706406593,133.8016815185547,-0.6867654919624329,0.0,0.0,0.0,0.0,0.0
1195,12.0,0.03819774463772774,18.087087631225586,-0.6870632171630859,0.0,0.0,0.0,0.0,0.0
1224,29.0,0.02489026077091694,58.75688552856445,-0.6833484768867493,0.0,0.0,0.0,0.0,0.0
1236,12.0,-0.08972600102424622,20.178791046142578,-0.6814630031585693,0.0,0.0,0.0,0.0,0.0
1250,14.0,-0.011581456288695335,14.189018249511719,-0.6866540312767029,0.0,0.0,0.0,0.0,0.0
1284,34.0,-0.017628906294703484,71.26638793945312,-0.6871597766876221,0.0,0.0,0.0,0.0,0.0
1306,22.0,0.01813569851219654,34.835716247558594,-0.6879777312278748,0.0,0.0,0.0,0.0,0.0
1321,15.0,0.040127817541360855,18.486421585083008,-0.6858131289482117,0.0,0.0,0.0,0.0,0.0
1347,26.0,0.006139123346656561,44.915645599365234,-0.6889840364456177,0.0,0.0,0.0,0.0,0.0
1369,22.0,0.011462806724011898,32.30902862548828,-0.6878833174705505,0.0,0.0,0.0,0.0,0.0
1381,12.0,0.006261991336941719,11.886161804199219,-0.6913924217224121,0.0,0.0,0.0,0.0,0.0
1397,16.0,0.0016129817813634872,17.19540786743164,-0.6918322443962097,0.0,0.0,0.0,0.0,0.0
1414,17.0,0.004071199335157871,31.059036254882812,-0.6872885823249817,0.0,0.0,0.0,0.0,0.0
1458,44.0,-0.017659202218055725,90.8071060180664,-0.691688060760498,0.0,0.0,0.0,0.0,0.0
1473,15.0,0.00635134382173419,27.298259735107422,-0.6902061700820923,0.0,0.0,0.0,0.0,0.0
1501,28.0,-0.019830144941806793,45.80316925048828,-0.6867039799690247,0.0,0.0,0.0,0.0,0.0
1512,11.0,0.03857755288481712,10.119636535644531,-0.6896084547042847,0.0,0.0,0.0,0.0,0.0
1528,16.0,-0.033738985657691956,16.343679428100586,-0.6866790652275085,0.0,0.0,0.0,0.0,0.0
1555,27.0,-0.02425200678408146,42.76264190673828,-0.6876065135002136,0.0,0.0,0.0,0.0,0.0
1576,21.0,-0.009732574224472046,41.67914581298828,-0.6894749999046326,0.0,0.0,0.0,0.0,0.0
1588,12.0,0.04658487066626549,10.516495704650879,-0.6835572123527527,0.0,0.0,0.0,0.0,0.0
1615,27.0,0.04431493952870369,43.68988800048828,-0.6850106716156006,0.0,0.0,0.0,0.0,0.0
1642,27.0,-0.016556154936552048,41.60562515258789,-0.687917172908783,0.0,0.0,0.0,0.0,0.0
1661,19.0,-0.06406120210886002,29.191308975219727,-0.68927401304245,0.0,0.0,0.0,0.0,0.0
1678,17.0,-0.023589540272951126,16.306995391845703,-0.6825042963027954,0.0,0.0,0.0,0.0,0.0
1701,23.0,-0.0043503898195922375,27.458606719970703,-0.6801119446754456,0.0,0.0,0.0,0.0,0.0
1714,13.0,0.003971480764448643,21.218257904052734,-0.6817007064819336,0.0,0.0,0.0,0.0,0.0
1730,16.0,-0.019481100142002106,14.047100067138672,-0.6774992942810059,0.0,0.0,0.0,0.0,0.0
1746,16.0,-0.016063358634710312,12.32469367980957,-0.6834352016448975,0.0,0.0,0.0,0.0,0.0
1762,16.0,0.004224343225359917,12.991793632507324,-0.6851759552955627,0.0,0.0,0.0,0.0,0.0
1778,16.0,-0.03301452845335007,23.148120880126953,-0.6800104379653931,0.0,0.0,0.0,0.0,0.0
1814,36.0,0.0037129116244614124,67.08906555175781,-0.6853523850440979,0.0,0.0,0.0,0.0,0.0
1844,30.0,-0.0035369026008993387,48.64487838745117,-0.6886866092681885,0.0,0.0,0.0,0.0,0.0
1855,11.0,0.06202436983585358,25.371360778808594,-0.6778656244277954,0.0,0.0,0.0,0.0,0.0
1869,14.0,-0.03149864822626114,21.850839614868164,-0.682115912437439,0.0,0.0,0.0,0.0,0.0
1901,32.0,0.005363872274756432,57.725154876708984,-0.6889415979385376,0.0,0.0,0.0,0.0,0.0
1936,35.0,-0.030965451151132584,57.107635498046875,-0.6855431199073792,0.0,0.0,0.0,0.0,0.0
1983,47.0,0.013129576109349728,85.81065368652344,-0.6827489733695984,0.0,0.0,0.0,0.0,0.0
1997,14.0,0.003556197974830866,19.000852584838867,-0.6914501190185547,0.0,0.0,0.0,0.0,0.0
2012,15.0,-0.019164880737662315,16.975618362426758,-0.6916080117225647,0.0,0.0,0.0,0.0,0.0
2023,11.0,0.06413325667381287,13.266199111938477,-0.685831606388092,0.0,0.0,0.0,0.0,0.0
2042,19.0,-0.006904967129230499,18.3087215423584,-0.6900525093078613,0.0,0.0,0.0,0.0,0.0
2064,22.0,-0.01424449123442173,27.5341739654541,-0.6907236576080322,0.0,0.0,0.0,0.0,0.0
2114,50.0,-0.019603071734309196,91.9913101196289,-0.6907942891120911,0.0,0.0,0.0,0.0,0.0
2131,17.0,-0.0140549810603261,16.676843643188477,-0.6886999607086182,0.0,0.0,0.0,0.0,0.0
2140,9.0,0.036587342619895935,13.591231346130371,-0.6865160465240479,0.0,0.0,0.0,0.0,0.0
2177,37.0,-0.013181408867239952,62.168785095214844,-0.6910873055458069,0.0,0.0,0.0,0.0,0.0
2240,63.0,-0.018481699749827385,115.94922637939453,-0.6884752511978149,0.0,0.0,0.0,0.0,0.0
2250,10.0,0.040053822100162506,14.579556465148926,-0.6892189383506775,0.0,0.0,0.0,0.0,0.0
2265,15.0,-0.009276668541133404,20.19276237487793,-0.6918870210647583,0.0,0.0,0.0,0.0,0.0
2286,21.0,-0.0009715213673189282,20.93204116821289,-0.6886862516403198,0.0,0.0,0.0,0.0,0.0
2312,26.0,0.008456740528345108,36.72385025024414,-0.6705437898635864,0.0,0.0,0.0,0.0,0.0
2355,43.0,-0.04433812201023102,76.35427856445312,-0.6809099316596985,0.0,0.0,0.0,0.0,0.0
2373,18.0,0.06713321805000305,20.91761589050293,-0.6709520220756531,0.0,0.0,0.0,0.0,0.0
2388,15.0,0.014232573099434376,16.498802185058594,-0.6804744005203247,0.0,0.0,0.0,0.0,0.0
2412,24.0,-0.005416141822934151,27.81182289123535,-0.6907671093940735,0.0,0.0,0.0,0.0,0.0
2438,26.0,-0.002845457987859845,33.09736251831055,-0.6901369690895081,0.0,0.0,0.0,0.0,0.0
2458,20.0,0.029320646077394485,21.0555419921875,-0.6886976361274719,0.0,0.0,0.0,0.0,0.0
2470,12.0,-0.013025227934122086,17.543054580688477,-0.6924906373023987,0.0,0.0,0.0,0.0,0.0
2492,22.0,0.0017387807602062821,24.053178787231445,-0.688298225402832,0.0,0.0,0.0,0.0,0.0
2507,15.0,-0.02131696231663227,13.473163604736328,-0.6907251477241516,0.0,0.0,0.0,0.0,0.0
2521,14.0,0.0036561829037964344,15.413346290588379,-0.6890541911125183,0.0,0.0,0.0,0.0,0.0
2555,34.0,-0.024259913712739944,49.563961029052734,-0.6877052783966064,0.0,0.0,0.0,0.0,0.0
2567,12.0,-0.0651668906211853,16.952199935913086,-0.6859815716743469,0.0,0.0,0.0,0.0,0.0
2576,9.0,0.01479088794440031,12.243385314941406,-0.6727461218833923,0.0,0.0,0.0,0.0,0.0
2599,23.0,-0.009496496990323067,23.35919189453125,-0.6819884777069092,0.0,0.0,0.0,0.0,0.0
2613,14.0,0.030776025727391243,12.023935317993164,-0.6827621459960938,0.0,0.0,0.0,0.0,0.0
2648,35.0,0.0032947640866041183,53.29230880737305,-0.6851237416267395,0.0,0.0,0.0,0.0,0.0
2665,17.0,0.014611990191042423,8.790651321411133,-0.6862949728965759,0.0,0.0,0.0,0.0,0.0
2690,25.0,-0.028190741315484047,29.908615112304688,-0.6836360096931458,0.0,0.0,0.0,0.0,0.0
2704,14.0,0.0004410062392707914,11.810967445373535,-0.6872342228889465,0.0,0.0,0.0,0.0,0.0
2724,20.0,-0.019460057839751244,17.074525833129883,-0.6894389390945435,0.0,0.0,0.0,0.0,0.0
2753,29.0,-0.016655202955007553,39.59476089477539,-0.6855621933937073,0.0,0.0,0.0,0.0,0.0
2762,9.0,0.10105376690626144,11.4932279586792,-0.6867892742156982,0.0,0.0,0.0,0.0,0.0
2779,17.0,-0.030656900256872177,9.568046569824219,-0.6912559270858765,0.0,0.0,0.0,0.0,0.0
2792,13.0,-0.006439784541726112,5.984925270080566,-0.6907895803451538,0.0,0.0,0.0,0.0,0.0
2805,13.0,-0.024201152846217155,5.815301895141602,-0.6906263828277588,0.0,0.0,0.0,0.0,0.0
2840,35.0,-0.02903439849615097,52.16210174560547,-0.6845224499702454,0.0,0.0,0.0,0.0,0.0
2856,16.0,-0.034270279109478,10.229040145874023,-0.6887696385383606,0.0,0.0,0.0,0.0,0.0
2874,18.0,-0.04023003950715065,7.6296563148498535,-0.6884613633155823,0.0,0.0,0.0,0.0,0.0
2902,28.0,-0.02266707271337509,39.72716522216797,-0.6825028657913208,0.0,0.0,0.0,0.0,0.0
2937,35.0,-0.030118189752101898,52.683048248291016,-0.6855079531669617,0.0,0.0,0.0,0.0,0.0
2978,41.0,-0.0047485195100307465,55.267704010009766,-0.6841694116592407,0.0,0.0,0.0,0.0,0.0
3003,25.0,-0.019679158926010132,26.311594009399414,-0.6850311756134033,0.0,0.0,0.0,0.0,0.0
3019,16.0,0.04298563301563263,13.071249961853027,-0.6768299341201782,0.0,0.0,0.0,0.0,0.0
3030,11.0,-0.010376358404755592,2.3902740478515625,-0.6851623058319092,0.0,0.0,0.0,0.0,0.0
3045,15.0,-0.008528416976332664,3.899498224258423,-0.6884880065917969,0.0,0.0,0.0,0.0,0.0
3055,10.0,-0.055176302790641785,14.244122505187988,-0.6661337614059448,0.0,0.0,0.0,0.0,0.0
3081,26.0,-0.003244576044380665,27.687992095947266,-0.6905273199081421,0.0,0.0,0.0,0.0,0.0
3114,33.0,-0.026756927371025085,46.237571716308594,-0.6811692118644714,0.0,0.0,0.0,0.0,0.0
3130,16.0,-0.03217919170856476,6.1046247482299805,-0.6897910833358765,0.0,0.0,0.0,0.0,0.0
3159,29.0,-0.01365604903548956,33.206398010253906,-0.6776590943336487,0.0,0.0,0.0,0.0,0.0
3169,10.0,0.032251376658678055,19.176578521728516,-0.6695055961608887,0.0,0.0,0.0,0.0,0.0
3217,48.0,-0.022739889100193977,82.66252899169922,-0.6831199526786804,0.0,0.0,0.0,0.0,0.0
3252,35.0,-0.038656085729599,33.32505416870117,-0.6888856291770935,0.0,0.0,0.0,0.0,0.0
3262,10.0,-0.0718260407447815,6.252719879150391,-0.6800495982170105,0.0,0.0,0.0,0.0,0.0
3289,27.0,-0.019955284893512726,30.61650848388672,-0.6757123470306396,0.0,0.0,0.0,0.0,0.0
3317,28.0,-0.016406740993261337,38.294437408447266,-0.689497172832489,0.0,0.0,0.0,0.0,0.0
3352,35.0,-0.03488216921687126,48.724910736083984,-0.6853460073471069,0.0,0.0,0.0,0.0,0.0
3368,16.0,-0.07864473015069962,4.364292144775391,-0.6850377321243286,0.0,0.0,0.0,0.0,0.0
3392,24.0,-0.010049832984805107,35.60897445678711,-0.6898623108863831,0.0,0.0,0.0,0.0,0.0
3403,11.0,-0.0712873786687851,5.2173848152160645,-0.6767197251319885,0.0,0.0,0.0,0.0,0.0
3425,22.0,-0.015577836893498898,13.824358940124512,-0.6661794781684875,0.0,0.0,0.0,0.0,0.0
3440,15.0,-0.031044568866491318,26.764698028564453,-0.6853073239326477,0.0,0.0,0.0,0.0,0.0
3453,13.0,-0.05998874455690384,19.680944442749023,-0.6810816526412964,0.0,0.0,0.0,0.0,0.0
3480,27.0,0.027080854400992393,28.636220932006836,-0.6679126620292664,0.0,0.0,0.0,0.0,0.0
3492,12.0,-0.09577556699514389,1.5424669981002808,-0.6658630967140198,0.0,0.0,0.0,0.0,0.0
3512,20.0,0.004624636378139257,19.093595504760742,-0.6598771810531616,0.0,0.0,0.0,0.0,0.0
3536,24.0,0.016177941113710403,39.9042854309082,-0.6678435802459717,0.0,0.0,0.0,0.0,0.0
3575,39.0,-0.046185173094272614,62.14766311645508,-0.6781632900238037,0.0,0.0,0.0,0.0,0.0
3594,19.0,-0.06681918352842331,5.983997344970703,-0.682127833366394,0.0,0.0,0.0,0.0,0.0
3613,19.0,0.01768798567354679,20.835474014282227,-0.679506778717041,0.0,0.0,0.0,0.0,0.0
3634,21.0,-0.046331219375133514,19.124765396118164,-0.6850393414497375,0.0,0.0,0.0,0.0,0.0
3650,16.0,0.003537941724061966,25.426803588867188,-0.6880635023117065,0.0,0.0,0.0,0.0,0.0
3675,25.0,-0.025796368718147278,27.747533798217773,-0.6878988742828369,0.0,0.0,0.0,0.0,0.0
3696,21.0,-0.026632748544216156,11.955074310302734,-0.6817852258682251,0.0,0.0,0.0,0.0,0.0
3734,38.0,-0.027647124603390694,56.40998458862305,-0.684736967086792,0.0,0.0,0.0,0.0,0.0
3752,18.0,-0.030755195766687393,23.146560668945312,-0.684035062789917,0.0,0.0,0.0,0.0,0.0
3804,52.0,-0.006550145801156759,85.50294494628906,-0.6811840534210205,0.0,0.0,0.0,0.0,0.0
3817,13.0,-0.010674530640244484,13.442728042602539,-0.6590793132781982,0.0,0.0,0.0,0.0,0.0
3859,42.0,-0.04778207466006279,60.68455123901367,-0.6827069520950317,0.0,0.0,0.0,0.0,0.0
3890,31.0,-0.05835621431469917,25.894676208496094,-0.6847023367881775,0.0,0.0,0.0,0.0,0.0
3906,16.0,0.07541186362504959,12.409723281860352,-0.6668652296066284,0.0,0.0,0.0,0.0,0.0
3938,32.0,-0.014870885759592056,37.703914642333984,-0.6822072267532349,0.0,0.0,0.0,0.0,0.0
3961,23.0,-0.032286856323480606,17.117477416992188,-0.6666897535324097,0.0,0.0,0.0,0.0,0.0
3991,30.0,-0.04750736802816391,31.0338134765625,-0.6745239496231079,0.0,0.0,0.0,0.0,0.0
4011,20.0,0.034794438630342484,9.613334655761719,-0.6784722208976746,0.0,0.0,0.0,0.0,0.0
4031,20.0,-0.022168703377246857,6.141698360443115,-0.6783071756362915,0.0,0.0,0.0,0.0,0.0
4050,19.0,-0.06760817766189575,11.2465238571167,-0.6772043108940125,0.0,0.0,0.0,0.0,0.0
4072,22.0,-0.005903314799070358,38.53969192504883,-0.6884309649467468,0.0,0.0,0.0,0.0,0.0
4095,23.0,-0.057833243161439896,16.281959533691406,-0.6876236200332642,0.0,0.0,0.0,0.0,0.0
4107,12.0,-0.09045811742544174,12.348084449768066,-0.6640824675559998,0.0,0.0,0.0,0.0,0.0
4153,46.0,-0.035716794431209564,55.67217254638672,-0.6810542941093445,0.0,0.0,0.0,0.0,0.0
4221,68.0,0.48338252305984497,52.98299789428711,-0.6896368265151978,0.0,0.0,0.0,0.0,0.0
4261,40.0,0.005418507382273674,56.784202575683594,-0.6710711717605591,0.0,0.0,0.0,0.0,0.0
4277,16.0,-0.0229189395904541,5.555952072143555,-0.6740165948867798,0.0,0.0,0.0,0.0,0.0
4315,38.0,-0.035018667578697205,36.27641296386719,-0.6758913993835449,0.0,0.0,0.0,0.0,0.0
4380,65.0,2.5745654106140137,78.9880599975586,-0.6692230701446533,0.0,0.0,0.0,0.0,0.0
4434,54.0,-0.02987927384674549,86.41941833496094,-0.687590479850769,0.0,0.0,0.0,0.0,0.0
4493,59.0,-0.003454012330621481,91.65802764892578,-0.6860714554786682,0.0,0.0,0.0,0.0,0.0
4517,24.0,-0.03829704597592354,17.46510887145996,-0.6780150532722473,0.0,0.0,0.0,0.0,0.0
4538,21.0,0.025316981598734856,15.702900886535645,-0.6758244633674622,0.0,0.0,0.0,0.0,0.0
4568,30.0,-0.004672699142247438,38.65031433105469,-0.6805804371833801,0.0,0.0,0.0,0.0,0.0
4600,32.0,-0.0049959272146224976,37.74885559082031,-0.6817091107368469,0.0,0.0,0.0,0.0,0.0
4618,18.0,-0.05654188618063927,20.96739959716797,-0.6863856911659241,0.0,0.0,0.0,0.0,0.0
4637,19.0,-0.04837443307042122,22.702848434448242,-0.681268036365509,0.0,0.0,0.0,0.0,0.0
4659,22.0,-0.03014393523335457,20.857757568359375,-0.6826795935630798,0.0,0.0,0.0,0.0,0.0
4707,48.0,-0.0006242982344701886,72.45064544677734,-0.684805154800415,0.0,0.0,0.0,0.0,0.0
4725,18.0,0.04226457327604294,19.943763732910156,-0.6784017086029053,0.0,0.0,0.0,0.0,0.0
4747,22.0,-0.030053509399294853,18.976062774658203,-0.6863454580307007,0.0,0.0,0.0,0.0,0.0
4762,15.0,-0.04701483994722366,15.720171928405762,-0.6824613213539124,0.0,0.0,0.0,0.0,0.0
4774,12.0,-0.0749310553073883,15.520699501037598,-0.6828773617744446,0.0,0.0,0.0,0.0,0.0
4798,24.0,-0.03876195847988129,11.79737377166748,-0.6875415444374084,0.0,0.0,0.0,0.0,0.0
4831,33.0,-0.044381625950336456,34.340576171875,-0.6804839968681335,0.0,0.0,0.0,0.0,0.0
4859,28.0,-0.030982419848442078,24.85116195678711,-0.6829282641410828,0.0,0.0,0.0,0.0,0.0
4876,17.0,-0.05056343972682953,20.27532196044922,-0.6759348511695862,0.0,0.0,0.0,0.0,0.0
4887,11.0,-0.016272131353616714,15.650649070739746,-0.6859961748123169,0.0,0.0,0.0,0.0,0.0
4897,10.0,-0.06049735099077225,17.001434326171875,-0.6740467548370361,0.0,0.0,0.0,0.0,0.0
4922,25.0,-0.012334328144788742,15.9466552734375,-0.6781482696533203,0.0,0.0,0.0,0.0,0.0
4972,50.0,-0.01958381198346615,70.20145416259766,-0.681999921798706,0.0,0.0,0.0,0.0,0.0
4994,22.0,-0.04925177991390228,6.304762363433838,-0.6805395483970642,0.0,0.0,0.0,0.0,0.0
5022,28.0,-0.004576344974339008,43.02762222290039,-0.6812115907669067,0.0,0.0,0.0,0.0,0.0
5107,85.0,-0.25508448481559753,127.043701171875,-0.6775548458099365,0.0,0.0,0.0,0.0,0.0
5134,27.0,-0.010871722362935543,20.297035217285156,-0.670780599117279,0.0,0.0,0.0,0.0,0.0
5210,76.0,0.15461207926273346,84.57411193847656,-0.682112991809845,0.0,0.0,0.0,0.0,0.0
5230,20.0,0.026167964562773705,16.72206687927246,-0.6704936623573303,0.0,0.0,0.0,0.0,0.0
5252,22.0,-0.0524786077439785,11.137214660644531,-0.683361291885376,0.0,0.0,0.0,0.0,0.0
5340,88.0,-0.15849065780639648,111.03628540039062,-0.6884245872497559,0.0,0.0,0.0,0.0,0.0
5353,13.0,-0.08323083817958832,29.77314567565918,-0.6694018840789795,0.0,0.0,0.0,0.0,0.0
5363,10.0,0.1118086650967598,32.237449645996094,-0.6659439206123352,0.0,0.0,0.0,0.0,0.0
5415,52.0,-0.0360797718167305,69.05646514892578,-0.6824606657028198,0.0,0.0,0.0,0.0,0.0
5453,38.0,-0.003235338721424341,45.04127883911133,-0.679835319519043,0.0,0.0,0.0,0.0,0.0
5483,30.0,-0.026370037347078323,20.827489852905273,-0.6833847761154175,0.0,0.0,0.0,0.0,0.0
5503,20.0,-0.054461222141981125,15.160835266113281,-0.6817700862884521,0.0,0.0,0.0,0.0,0.0
5521,18.0,-0.05380847305059433,26.487363815307617,-0.6810910105705261,0.0,0.0,0.0,0.0,0.0
5540,19.0,-0.015048632398247719,26.416879653930664,-0.6792762875556946,0.0,0.0,0.0,0.0,0.0
5599,59.0,-0.009338531643152237,90.24759674072266,-0.6859384775161743,0.0,0.0,0.0,0.0,0.0
5647,48.0,-0.010300111025571823,63.86079788208008,-0.6810590624809265,0.0,0.0,0.0,0.0,0.0
5661,14.0,0.023786839097738266,24.369333267211914,-0.6805903315544128,0.0,0.0,0.0,0.0,0.0
5676,15.0,0.009124387986958027,31.021223068237305,-0.6826274991035461,0.0,0.0,0.0,0.0,0.0
5716,40.0,-0.007317972369492054,38.74199676513672,-0.6820701360702515,0.0,0.0,0.0,0.0,0.0
5762,46.0,-0.01627018302679062,72.18681335449219,-0.685509443283081,0.0,0.0,0.0,0.0,0.0
5789,27.0,-0.002474648877978325,39.28451156616211,-0.6883881092071533,0.0,0.0,0.0,0.0,0.0
5819,30.0,-0.03740157559514046,39.372196197509766,-0.6820568442344666,0.0,0.0,0.0,0.0,0.0
5848,29.0,-0.02970132604241371,31.979347229003906,-0.6791649460792542,0.0,0.0,0.0,0.0,0.0
5870,22.0,-0.00757592311128974,35.4490852355957,-0.6873273253440857,0.0,0.0,0.0,0.0,0.0
5893,23.0,-0.004642990417778492,27.95354652404785,-0.6724547743797302,0.0,0.0,0.0,0.0,0.0
5917,24.0,-0.013622641563415527,24.87946891784668,-0.6843532919883728,0.0,0.0,0.0,0.0,0.0
5950,33.0,-0.034455593675374985,26.041963577270508,-0.6827507615089417,0.0,0.0,0.0,0.0,0.0
5977,27.0,-0.04192008078098297,23.236555099487305,-0.6852330565452576,0.0,0.0,0.0,0.0,0.0
5992,15.0,-0.05815085023641586,21.56983757019043,-0.6877065300941467,0.0,0.0,0.0,0.0,0.0
6021,29.0,0.023570355027914047,33.66008758544922,-0.6830973029136658,0.0,0.0,0.0,0.0,0.0
6036,15.0,-0.04811488837003708,24.159345626831055,-0.6794689893722534,0.0,0.0,0.0,0.0,0.0
6051,15.0,0.013032551854848862,15.00733757019043,-0.6815705895423889,0.0,0.0,0.0,0.0,0.0
6063,12.0,-0.07723244279623032,16.881784439086914,-0.6808409094810486,0.0,0.0,0.0,0.0,0.0
6079,16.0,0.011242639273405075,35.0993537902832,-0.681315541267395,0.0,0.0,0.0,0.0,0.0
6094,15.0,-0.07280858606100082,13.169879913330078,-0.6811790466308594,0.0,0.0,0.0,0.0,0.0
6110,16.0,-0.05558469891548157,4.886150360107422,-0.6703796982765198,0.0,0.0,0.0,0.0,0.0
6129,19.0,-0.09760339558124542,3.8662872314453125,-0.6641221642494202,0.0,0.0,0.0,0.0,0.0
6170,41.0,-0.03984995186328888,55.498321533203125,-0.6823593378067017,0.0,0.0,0.0,0.0,0.0
6257,87.0,-0.21261243522167206,128.7348175048828,-0.6755133867263794,0.0,0.0,0.0,0.0,0.0
6277,20.0,-0.06693793088197708,14.52784252166748,-0.6691461205482483,0.0,0.0,0.0,0.0,0.0
6308,31.0,-0.04130210354924202,15.28756332397461,-0.6708388924598694,0.0,0.0,0.0,0.0,0.0
6349,41.0,-0.033684179186820984,44.01209259033203,-0.6753813624382019,0.0,0.0,0.0,0.0,0.0
6374,25.0,0.013701061718165874,33.28785705566406,-0.6652047038078308,0.0,0.0,0.0,0.0,0.0
6424,50.0,-0.027529781684279442,58.846065521240234,-0.6716234087944031,0.0,0.0,0.0,0.0,0.0
6439,15.0,-0.02821960300207138,16.419307708740234,-0.6436479091644287,0.0,0.0,0.0,0.0,0.0
6449,10.0,-0.014619793742895126,16.406124114990234,-0.6346069574356079,0.0,0.0,0.0,0.0,0.0
6474,25.0,-0.06629274040460587,19.935182571411133,-0.6786068081855774,0.0,0.0,0.0,0.0,0.0
6496,22.0,-0.010414741933345795,6.100952625274658,-0.6734477877616882,0.0,0.0,0.0,0.0,0.0
6533,37.0,-0.029970712959766388,34.812686920166016,-0.6654925346374512,0.0,0.0,0.0,0.0,0.0
6551,18.0,-0.05351562425494194,14.032748222351074,-0.6768195033073425,0.0,0.0,0.0,0.0,0.0
6580,29.0,-0.04698978736996651,19.855636596679688,-0.6782054305076599,0.0,0.0,0.0,0.0,0.0
6642,62.0,-0.0008305520750582218,111.12791442871094,-0.6690908074378967,0.0,0.0,0.0,0.0,0.0
6657,15.0,-0.016686074435710907,16.634483337402344,-0.6567951440811157,0.0,0.0,0.0,0.0,0.0
6670,13.0,-0.06517551094293594,10.779749870300293,-0.6711345314979553,0.0,0.0,0.0,0.0,0.0
6682,12.0,-0.035332102328538895,15.707602500915527,-0.6698434948921204,0.0,0.0,0.0,0.0,0.0
6698,16.0,-0.0010493621230125427,18.701160430908203,-0.6703189611434937,0.0,0.0,0.0,0.0,0.0
6710,12.0,-0.12220337986946106,8.987902641296387,-0.6567639112472534,0.0,0.0,0.0,0.0,0.0
6730,20.0,0.006618109531700611,36.08993148803711,-0.663501501083374,0.0,0.0,0.0,0.0,0.0
6754,24.0,-0.05590809881687164,12.053317070007324,-0.6852478384971619,0.0,0.0,0.0,0.0,0.0
6789,35.0,-0.014323949813842773,62.7247428894043,-0.6818561553955078,0.0,0.0,0.0,0.0,0.0
6814,25.0,-0.017345424741506577,25.255502700805664,-0.6786872148513794,0.0,0.0,0.0,0.0,0.0
6852,38.0,-0.020039262250065804,49.91410827636719,-0.6703590154647827,0.0,0.0,0.0,0.0,0.0
6879,27.0,-0.018039850518107414,21.364240646362305,-0.6779491901397705,0.0,0.0,0.0,0.0,0.0
6908,29.0,-0.062158744782209396,12.346222877502441,-0.6829508543014526,0.0,0.0,0.0,0.0,0.0
6945,37.0,-0.019714491441845894,40.620445251464844,-0.677119791507721,0.0,0.0,0.0,0.0,0.0
6980,35.0,-0.031015923246741295,37.00273513793945,-0.6726035475730896,0.0,0.0,0.0,0.0,0.0
7019,39.0,-0.031176183372735977,50.992347717285156,-0.6745481491088867,0.0,0.0,0.0,0.0,0.0
7048,29.0,-0.001383937313221395,46.334651947021484,-0.6758536696434021,0.0,0.0,0.0,0.0,0.0
7072,24.0,-0.013814443722367287,19.586402893066406,-0.6729204058647156,0.0,0.0,0.0,0.0,0.0
7084,12.0,-0.019785774871706963,24.519025802612305,-0.6753538250923157,0.0,0.0,0.0,0.0,0.0
7104,20.0,-0.020831888541579247,17.61360740661621,-0.6749120950698853,0.0,0.0,0.0,0.0,0.0
7125,21.0,-0.033954400569200516,15.043577194213867,-0.6818398833274841,0.0,0.0,0.0,0.0,0.0
7170,45.0,-0.032106269150972366,55.23289489746094,-0.68510502576828,0.0,0.0,0.0,0.0,0.0
7252,82.0,0.19031886756420135,91.97856903076172,-0.6844400763511658,0.0,0.0,0.0,0.0,0.0
7271,19.0,-0.05591502785682678,21.874719619750977,-0.6842535138130188,0.0,0.0,0.0,0.0,0.0
7285,14.0,-0.01889083720743656,18.280012130737305,-0.6761353611946106,0.0,0.0,0.0,0.0,0.0
7305,20.0,-0.06885676085948944,14.395700454711914,-0.6816824674606323,0.0,0.0,0.0,0.0,0.0
7328,23.0,-0.07305531948804855,11.539031982421875,-0.681109607219696,0.0,0.0,0.0,0.0,0.0
7373,45.0,-0.05064554139971733,46.18191909790039,-0.6757357120513916,0.0,0.0,0.0,0.0,0.0
7399,26.0,0.02276906557381153,43.36872863769531,-0.6706981062889099,0.0,0.0,0.0,0.0,0.0
7426,27.0,0.013920956291258335,43.26131820678711,-0.6710419654846191,0.0,0.0,0.0,0.0,0.0
7504,78.0,-0.34498611092567444,129.3759307861328,-0.6837076544761658,0.0,0.0,0.0,0.0,0.0
7516,12.0,-0.06348034739494324,26.447433471679688,-0.6679349541664124,0.0,0.0,0.0,0.0,0.0
7551,35.0,-0.05534932017326355,27.066431045532227,-0.6734883189201355,0.0,0.0,0.0,0.0,0.0
7582,31.0,-0.04022115841507912,29.870384216308594,-0.6796252727508545,0.0,0.0,0.0,0.0,0.0
7602,20.0,-0.01819848082959652,22.029003143310547,-0.6626235246658325,0.0,0.0,0.0,0.0,0.0
7625,23.0,-0.05691327899694443,19.632112503051758,-0.6725646257400513,0.0,0.0,0.0,0.0,0.0
7644,19.0,-0.008368426002562046,14.335707664489746,-0.6708114743232727,0.0,0.0,0.0,0.0,0.0
7695,51.0,-0.002091699279844761,84.6097640991211,-0.6775131821632385,0.0,0.0,0.0,0.0,0.0
7723,28.0,-0.04592188447713852,26.020051956176758,-0.6715418696403503,0.0,0.0,0.0,0.0,0.0
7741,18.0,0.017897840589284897,29.195194244384766,-0.651814341545105,0.0,0.0,0.0,0.0,0.0
7766,25.0,0.011282756924629211,31.282094955444336,-0.6747174859046936,0.0,0.0,0.0,0.0,0.0
7784,18.0,0.007772710639983416,26.584999084472656,-0.6780739426612854,0.0,0.0,0.0,0.0,0.0
7819,35.0,-0.04195958375930786,49.72478103637695,-0.6780786514282227,0.0,0.0,0.0,0.0,0.0
7833,14.0,-0.07419433444738388,12.014070510864258,-0.6766356825828552,0.0,0.0,0.0,0.0,0.0
7885,52.0,-0.036194898188114166,65.24334716796875,-0.6782452464103699,0.0,0.0,0.0,0.0,0.0
7894,9.0,-0.06784917414188385,20.664581298828125,-0.6751229763031006,0.0,0.0,0.0,0.0,0.0
7918,24.0,-0.03161175921559334,26.535676956176758,-0.6763336658477783,0.0,0.0,0.0,0.0,0.0
7949,31.0,-0.048447318375110626,25.145559310913086,-0.678169846534729,0.0,0.0,0.0,0.0,0.0
8012,63.0,-0.026227574795484543,91.61103057861328,-0.6804035902023315,0.0,0.0,0.0,0.0,0.0
8025,13.0,-0.07077459990978241,13.245833396911621,-0.6740627884864807,0.0,0.0,0.0,0.0,0.0
8061,36.0,-0.054602138698101044,32.559776306152344,-0.671231746673584,0.0,0.0,0.0,0.0,0.0
8083,22.0,-0.03860798478126526,15.264822959899902,-0.6647880673408508,0.0,0.0,0.0,0.0,0.0
8095,12.0,-0.011517246253788471,21.112993240356445,-0.6714816093444824,0.0,0.0,0.0,0.0,0.0
8109,14.0,0.04712938889861107,11.347421646118164,-0.6655644774436951,0.0,0.0,0.0,0.0,0.0
8125,16.0,-0.017677076160907745,9.852628707885742,-0.6773936748504639,0.0,0.0,0.0,0.0,0.0
8152,27.0,-0.015457866713404655,31.782947540283203,-0.6782680749893188,0.0,0.0,0.0,0.0,0.0
8220,68.0,0.3072711229324341,79.9383544921875,-0.6822497248649597,0.0,0.0,0.0,0.0,0.0
8230,10.0,-0.03054751083254814,14.913182258605957,-0.6794096231460571,0.0,0.0,0.0,0.0,0.0
8252,22.0,-0.0018820033874362707,11.143723487854004,-0.6754069924354553,0.0,0.0,0.0,0.0,0.0
8266,14.0,-0.08163724839687347,4.990597724914551,-0.6427687406539917,0.0,0.0,0.0,0.0,0.0
8294,28.0,-0.007634073030203581,37.99782943725586,-0.665998101234436,0.0,0.0,0.0,0.0,0.0
8327,33.0,-0.02222117781639099,47.094215393066406,-0.6640797853469849,0.0,0.0,0.0,0.0,0.0
8339,12.0,-0.08085853606462479,6.173193454742432,-0.6439619660377502,0.0,0.0,0.0,0.0,0.0
8352,13.0,-0.06653203815221786,6.9194722175598145,-0.6807387471199036,0.0,0.0,0.0,0.0,0.0
8370,18.0,0.06522900611162186,34.3596076965332,-0.649481475353241,0.0,0.0,0.0,0.0,0.0
8390,20.0,-0.07062890380620956,7.8575239181518555,-0.6558793783187866,0.0,0.0,0.0,0.0,0.0
8403,13.0,-0.040542688220739365,9.341924667358398,-0.6730518937110901,0.0,0.0,0.0,0.0,0.0
8415,12.0,-0.05269543081521988,5.934910297393799,-0.6555252075195312,0.0,0.0,0.0,0.0,0.0
8462,47.0,-0.009918317198753357,67.40208435058594,-0.6787527203559875,0.0,0.0,0.0,0.0,0.0
8479,17.0,-0.0498257614672184,5.620272636413574,-0.6589239239692688,0.0,0.0,0.0,0.0,0.0
8502,23.0,-0.0009671875741332769,18.551738739013672,-0.6800408363342285,0.0,0.0,0.0,0.0,0.0
8519,17.0,-0.026815306395292282,4.948915004730225,-0.6786041855812073,0.0,0.0,0.0,0.0,0.0
8534,15.0,-0.006157516501843929,7.376070499420166,-0.6785298585891724,0.0,0.0,0.0,0.0,0.0
8615,81.0,0.018578823655843735,123.37615966796875,-0.67930668592453,0.0,0.0,0.0,0.0,0.0
8655,40.0,0.01008027046918869,64.14292907714844,-0.6715757250785828,0.0,0.0,0.0,0.0,0.0
8687,32.0,-0.020165570080280304,40.91843795776367,-0.6691783666610718,0.0,0.0,0.0,0.0,0.0
8702,15.0,-0.06558769941329956,8.584189414978027,-0.6590398550033569,0.0,0.0,0.0,0.0,0.0
8742,40.0,-0.024099543690681458,37.08867645263672,-0.6657639741897583,0.0,0.0,0.0,0.0,0.0
8758,16.0,-0.031868889927864075,5.213944435119629,-0.6501149535179138,0.0,0.0,0.0,0.0,0.0
8790,32.0,-0.04909020662307739,29.093048095703125,-0.6691147089004517,0.0,0.0,0.0,0.0,0.0
8852,62.0,-0.00302069541066885,109.56924438476562,-0.6749922633171082,0.0,0.0,0.0,0.0,0.0
8875,23.0,-0.04445454850792885,10.006725311279297,-0.6746118068695068,0.0,0.0,0.0,0.0,0.0
8892,17.0,-0.08973667770624161,6.585423946380615,-0.6623296737670898,0.0,0.0,0.0,0.0,0.0
8903,11.0,-0.006116899661719799,17.376312255859375,-0.6743277311325073,0.0,0.0,0.0,0.0,0.0
8953,50.0,-0.02504219301044941,65.37537384033203,-0.6690256595611572,0.0,0.0,0.0,0.0,0.0
9008,55.0,-0.0018593990243971348,80.41748809814453,-0.6758990287780762,0.0,0.0,0.0,0.0,0.0
9041,33.0,-0.016616545617580414,59.369930267333984,-0.6758025288581848,0.0,0.0,0.0,0.0,0.0
9067,26.0,-0.023012403398752213,38.791961669921875,-0.6676238179206848,0.0,0.0,0.0,0.0,0.0
9098,31.0,-0.005918167531490326,36.97072982788086,-0.6765261292457581,0.0,0.0,0.0,0.0,0.0
9114,16.0,-0.04876893758773804,11.935497283935547,-0.6817699074745178,0.0,0.0,0.0,0.0,0.0
9151,37.0,-0.0376565083861351,38.86911392211914,-0.6829461455345154,0.0,0.0,0.0,0.0,0.0
9188,37.0,-0.02469213493168354,43.9509391784668,-0.6817986965179443,0.0,0.0,0.0,0.0,0.0
9206,18.0,0.0035348953679203987,29.54918098449707,-0.6759297251701355,0.0,0.0,0.0,0.0,0.0
9227,21.0,-0.037463802844285965,15.452567100524902,-0.674901008605957,0.0,0.0,0.0,0.0,0.0
9265,38.0,-0.029347630217671394,43.00700378417969,-0.6837804913520813,0.0,0.0,0.0,0.0,0.0
9329,64.0,-0.03993585705757141,80.5625,-0.6817225217819214,0.0,0.0,0.0,0.0,0.0
9400,71.0,0.10030759871006012,83.36417388916016,-0.6887432932853699,0.0,0.0,0.0,0.0,0.0
9421,21.0,-0.009911294095218182,13.543279647827148,-0.6882110238075256,0.0,0.0,0.0,0.0,0.0
9443,22.0,-0.023842286318540573,21.60231590270996,-0.6715426445007324,0.0,0.0,0.0,0.0,0.0
9472,29.0,-0.05455804243683815,16.290620803833008,-0.6770561933517456,0.0,0.0,0.0,0.0,0.0
9480,8.0,-0.06536106765270233,30.022462844848633,-0.6774978637695312,0.0,0.0,0.0,0.0,0.0
9498,18.0,-0.07403720170259476,9.098139762878418,-0.6684602499008179,0.0,0.0,0.0,0.0,0.0
9541,43.0,-0.021630048751831055,56.85829544067383,-0.6624372005462646,0.0,0.0,0.0,0.0,0.0
9555,14.0,0.02501676231622696,17.432607650756836,-0.6835969686508179,0.0,0.0,0.0,0.0,0.0
9565,10.0,0.012140877544879913,16.029396057128906,-0.6893452405929565,0.0,0.0,0.0,0.0,0.0
9610,45.0,-0.017738759517669678,68.01921081542969,-0.6778279542922974,0.0,0.0,0.0,0.0,0.0
9648,38.0,-0.026439419016242027,45.085693359375,-0.6783714890480042,0.0,0.0,0.0,0.0,0.0
9684,36.0,-0.025088101625442505,34.47501754760742,-0.6707137227058411,0.0,0.0,0.0,0.0,0.0
9706,22.0,-0.04722624272108078,13.018170356750488,-0.6632959246635437,0.0,0.0,0.0,0.0,0.0
9721,15.0,-0.01593582145869732,12.538633346557617,-0.6670092344284058,0.0,0.0,0.0,0.0,0.0
9748,27.0,-0.008056342601776123,22.62681007385254,-0.6746066808700562,0.0,0.0,0.0,0.0,0.0
9763,15.0,-0.022874904796481133,13.775318145751953,-0.671146035194397,0.0,0.0,0.0,0.0,0.0
9793,30.0,-0.0562424436211586,18.4379940032959,-0.6743768453598022,0.0,0.0,0.0,0.0,0.0
9825,32.0,-0.035798631608486176,32.191951751708984,-0.672993004322052,0.0,0.0,0.0,0.0,0.0
9852,27.0,-0.06012079119682312,21.72458839416504,-0.6798945069313049,0.0,0.0,0.0,0.0,0.0
9893,41.0,-0.026149043813347816,40.013702392578125,-0.674964189529419,0.0,0.0,0.0,0.0,0.0
9912,19.0,-0.04085508733987808,14.270547866821289,-0.6628665328025818,0.0,0.0,0.0,0.0,0.0
9941,29.0,-0.06145293265581131,25.195520401000977,-0.6671911478042603,0.0,0.0,0.0,0.0,0.0
9958,17.0,0.021996548399329185,19.707752227783203,-0.6783506870269775,0.0,0.0,0.0,0.0,0.0
9974,16.0,0.006308339536190033,22.960805892944336,-0.6383719444274902,0.0,0.0,0.0,0.0,0.0
10036,62.0,-0.03590716794133186,85.6438217163086,-0.6776509881019592,0.0,0.0,0.0,0.0,0.0
10062,26.0,-0.025654276832938194,24.118518829345703,-0.6776988506317139,0.0,0.0,0.0,0.0,0.0
10076,14.0,-0.06501661986112595,13.50390911102295,-0.6470438838005066,0.0,0.0,0.0,0.0,0.0
10097,21.0,-0.01384036149829626,18.91299819946289,-0.6770185828208923,0.0,0.0,0.0,0.0,0.0
10115,18.0,-0.06445266306400299,8.39883041381836,-0.6737692356109619,0.0,0.0,0.0,0.0,0.0
10132,17.0,-0.05444881692528725,8.426572799682617,-0.6463477611541748,0.0,0.0,0.0,0.0,0.0
10149,17.0,-0.02734086662530899,15.941526412963867,-0.6722213625907898,0.0,0.0,0.0,0.0,0.0
10173,24.0,-0.016422457993030548,14.204917907714844,-0.6695742011070251,0.0,0.0,0.0,0.0,0.0
10222,49.0,-0.030668463557958603,63.98123550415039,-0.6621639728546143,0.0,0.0,0.0,0.0,0.0
10290,68.0,0.18626020848751068,94.39896392822266,-0.653291642665863,0.0,0.0,0.0,0.0,0.0
10361,71.0,0.03500288724899292,90.95201110839844,-0.6739145517349243,0.0,0.0,0.0,0.0,0.0
10388,27.0,-0.03373946249485016,25.24623680114746,-0.6711483597755432,0.0,0.0,0.0,0.0,0.0
10405,17.0,0.022154871374368668,44.349151611328125,-0.66960608959198,0.0,0.0,0.0,0.0,0.0
10413,8.0,-0.004681302234530449,29.448205947875977,-0.6794946789741516,0.0,0.0,0.0,0.0,0.0
10426,13.0,-0.025258498266339302,18.947708129882812,-0.6864836812019348,0.0,0.0,0.0,0.0,0.0
10459,33.0,-0.0595344714820385,27.547056198120117,-0.6745997071266174,0.0,0.0,0.0,0.0,0.0
10482,23.0,-0.04835033789277077,10.789107322692871,-0.6670425534248352,0.0,0.0,0.0,0.0,0.0
10496,14.0,-0.0683388039469719,11.28221607208252,-0.6687193512916565,0.0,0.0,0.0,0.0,0.0
10513,17.0,-0.0637071505188942,12.441144943237305,-0.6884341239929199,0.0,0.0,0.0,0.0,0.0
10526,13.0,-0.04474632069468498,10.934024810791016,-0.6614519357681274,0.0,0.0,0.0,0.0,0.0
10550,24.0,-0.03590000420808792,19.352190017700195,-0.6854467391967773,0.0,0.0,0.0,0.0,0.0
10569,19.0,-0.08001455664634705,6.040525436401367,-0.6702135801315308,0.0,0.0,0.0,0.0,0.0
10581,12.0,-0.003949509933590889,6.4477410316467285,-0.6841523051261902,0.0,0.0,0.0,0.0,0.0
10612,31.0,-0.010165036655962467,31.0841121673584,-0.6728993654251099,0.0,0.0,0.0,0.0,0.0
10648,36.0,-0.04081905633211136,40.18345642089844,-0.6807587146759033,0.0,0.0,0.0,0.0,0.0
10669,21.0,-0.030617332085967064,18.588857650756836,-0.6709551215171814,0.0,0.0,0.0,0.0,0.0
10701,32.0,-0.029333259910345078,31.61402702331543,-0.6768996715545654,0.0,0.0,0.0,0.0,0.0
10718,17.0,-0.05553709343075752,7.202846527099609,-0.6690564155578613,0.0,0.0,0.0,0.0,0.0
10746,28.0,0.017220018431544304,36.22402572631836,-0.6722052693367004,0.0,0.0,0.0,0.0,0.0
10764,18.0,-0.0016005083452910185,9.306790351867676,-0.6641525626182556,0.0,0.0,0.0,0.0,0.0
10776,12.0,-0.003570707282051444,15.200737953186035,-0.6796186566352844,0.0,0.0,0.0,0.0,0.0
10803,27.0,-0.03260636702179909,15.96634578704834,-0.675258994102478,0.0,0.0,0.0,0.0,0.0
10831,28.0,0.01481777522712946,68.24989318847656,-0.6769485473632812,0.0,0.0,0.0,0.0,0.0
10871,40.0,-0.029848987236618996,45.351722717285156,-0.6793910264968872,0.0,0.0,0.0,0.0,0.0
10925,54.0,-0.04390005022287369,68.56078338623047,-0.6787915825843811,0.0,0.0,0.0,0.0,0.0
10953,28.0,-0.05890136957168579,12.392930030822754,-0.6817784309387207,0.0,0.0,0.0,0.0,0.0
10964,11.0,-0.06906761974096298,11.337655067443848,-0.6634405255317688,0.0,0.0,0.0,0.0,0.0
10977,13.0,-0.07288945466279984,7.933706283569336,-0.6803284287452698,0.0,0.0,0.0,0.0,0.0
11004,27.0,-0.011219723150134087,19.06686019897461,-0.6807035803794861,0.0,0.0,0.0,0.0,0.0
11042,38.0,-0.06462913006544113,37.83881759643555,-0.666974663734436,0.0,0.0,0.0,0.0,0.0
11063,21.0,0.006565067917108536,17.40506935119629,-0.6801134943962097,0.0,0.0,0.0,0.0,0.0
11083,20.0,-0.03371991217136383,10.44920539855957,-0.6751111745834351,0.0,0.0,0.0,0.0,0.0
11098,15.0,-0.047646068036556244,11.574369430541992,-0.6774166822433472,0.0,0.0,0.0,0.0,0.0
11114,16.0,0.013267017900943756,13.24055290222168,-0.6694955825805664,0.0,0.0,0.0,0.0,0.0
11145,31.0,-0.0035762141924351454,21.867399215698242,-0.6612505912780762,0.0,0.0,0.0,0.0,0.0
11176,31.0,-0.02639567293226719,29.837600708007812,-0.6602112650871277,0.0,0.0,0.0,0.0,0.0
11214,38.0,-0.04347401112318039,35.399654388427734,-0.6728670001029968,0.0,0.0,0.0,0.0,0.0
11239,25.0,-0.05829766392707825,12.822049140930176,-0.6722753047943115,0.0,0.0,0.0,0.0,0.0
11255,16.0,-0.021228820085525513,12.882355690002441,-0.658390998840332,0.0,0.0,0.0,0.0,0.0
11273,18.0,-0.014062207192182541,18.110271453857422,-0.6654119491577148,0.0,0.0,0.0,0.0,0.0
11357,84.0,-0.07814569026231766,112.4504165649414,-0.6832656860351562,0.0,0.0,0.0,0.0,0.0
11443,86.0,-0.05266284942626953,157.2470703125,-0.6785093545913696,0.0,0.0,0.0,0.0,0.0
11475,32.0,-0.027360793203115463,36.63020324707031,-0.6808457374572754,0.0,0.0,0.0,0.0,0.0
11490,15.0,-0.07383543252944946,16.574203491210938,-0.667331874370575,0.0,0.0,0.0,0.0,0.0
11504,14.0,-0.04095277935266495,10.551465034484863,-0.657245934009552,0.0,0.0,0.0,0.0,0.0
11523,19.0,-0.06369607895612717,9.896267890930176,-0.659588634967804,0.0,0.0,0.0,0.0,0.0
11540,17.0,-0.027780020609498024,16.42738151550293,-0.6802250146865845,0.0,0.0,0.0,0.0,0.0
11594,54.0,-0.03901281952857971,64.33318328857422,-0.6685875654220581,0.0,0.0,0.0,0.0,0.0
11668,74.0,0.11915329843759537,83.96021270751953,-0.6707165241241455,0.0,0.0,0.0,0.0,0.0
11699,31.0,-0.013395742513239384,48.19009017944336,-0.6798667907714844,0.0,0.0,0.0,0.0,0.0
11733,34.0,-0.04412172734737396,31.76255226135254,-0.6780836582183838,0.0,0.0,0.0,0.0,0.0
11751,18.0,-0.06860467791557312,12.075485229492188,-0.6798182129859924,0.0,0.0,0.0,0.0,0.0
11774,23.0,-0.006457285024225712,29.50483512878418,-0.6697986721992493,0.0,0.0,0.0,0.0,0.0
11787,13.0,-0.06035054102540016,16.416996002197266,-0.6633646488189697,0.0,0.0,0.0,0.0,0.0
11801,14.0,0.011519836261868477,14.96007251739502,-0.6555219888687134,0.0,0.0,0.0,0.0,0.0
11857,56.0,0.00042106182081624866,82.15595245361328,-0.6704311966896057,0.0,0.0,0.0,0.0,0.0
11878,21.0,-0.008835310116410255,27.59438705444336,-0.6697363257408142,0.0,0.0,0.0,0.0,0.0
11888,10.0,-0.07225599884986877,13.190325736999512,-0.665921151638031,0.0,0.0,0.0,0.0,0.0
11943,55.0,-0.03142790123820305,72.29900360107422,-0.6812240481376648,0.0,0.0,0.0,0.0,0.0
11968,25.0,-0.03972070291638374,8.954761505126953,-0.6677899360656738,0.0,0.0,0.0,0.0,0.0
11979,11.0,-0.057299233973026276,15.443835258483887,-0.6620713472366333,0.0,0.0,0.0,0.0,0.0
11998,19.0,-0.09508777409791946,3.4917800426483154,-0.6593560576438904,0.0,0.0,0.0,0.0,0.0
12062,64.0,-0.02926994487643242,93.18782043457031,-0.6736131310462952,0.0,0.0,0.0,0.0,0.0
12075,13.0,-0.05791483446955681,6.010031700134277,-0.6483670473098755,0.0,0.0,0.0,0.0,0.0
12103,28.0,-0.009437775239348412,24.62784194946289,-0.6641276478767395,0.0,0.0,0.0,0.0,0.0
12124,21.0,-0.051539674401283264,14.100960731506348,-0.6800093650817871,0.0,0.0,0.0,0.0,0.0
12161,37.0,-0.0029505789279937744,37.63569259643555,-0.6672083735466003,0.0,0.0,0.0,0.0,0.0
12221,60.0,-0.02148257941007614,91.50902557373047,-0.6797059178352356,0.0,0.0,0.0,0.0,0.0
12256,35.0,-0.06390279531478882,29.59531593322754,-0.6757657527923584,0.0,0.0,0.0,0.0,0.0
12300,44.0,-0.02658064104616642,50.01708984375,-0.6707732081413269,0.0,0.0,0.0,0.0,0.0
12342,42.0,-0.043578337877988815,40.69990158081055,-0.6745067834854126,0.0,0.0,0.0,0.0,0.0
12365,23.0,-0.04985919967293739,11.81477165222168,-0.6751154065132141,0.0,0.0,0.0,0.0,0.0
12380,15.0,-0.01813562959432602,21.396482467651367,-0.6601468920707703,0.0,0.0,0.0,0.0,0.0
12394,14.0,-0.04563835635781288,11.192278861999512,-0.6577498316764832,0.0,0.0,0.0,0.0,0.0
12419,25.0,-0.066913902759552,12.572392463684082,-0.6645134091377258,0.0,0.0,0.0,0.0,0.0
12456,37.0,-0.059395305812358856,26.819726943969727,-0.6796281337738037,0.0,0.0,0.0,0.0,0.0
12467,11.0,-0.05981641635298729,27.380144119262695,-0.6768929958343506,0.0,0.0,0.0,0.0,0.0
12519,52.0,-0.0013288280460983515,87.35414123535156,-0.6747009754180908,0.0,0.0,0.0,0.0,0.0
12535,16.0,-0.053484901785850525,10.826774597167969,-0.6592204570770264,0.0,0.0,0.0,0.0,0.0
12561,26.0,-0.023012934252619743,17.679515838623047,-0.6660580039024353,0.0,0.0,0.0,0.0,0.0
12601,40.0,-0.02506878599524498,52.06140899658203,-0.6639072299003601,0.0,0.0,0.0,0.0,0.0
12621,20.0,-0.07735173404216766,9.654327392578125,-0.6640857458114624,0.0,0.0,0.0,0.0,0.0
12666,45.0,-0.030059145763516426,55.5139045715332,-0.6712762117385864,0.0,0.0,0.0,0.0,0.0
12687,21.0,-0.040187910199165344,13.16716194152832,-0.657906711101532,0.0,0.0,0.0,0.0,0.0
12711,24.0,-0.00507629569619894,34.0118293762207,-0.6612648367881775,0.0,0.0,0.0,0.0,0.0
12731,20.0,-0.021340355277061462,17.107070922851562,-0.6688107252120972,0.0,0.0,0.0,0.0,0.0
12759,28.0,-0.009181451052427292,24.947093963623047,-0.6582867503166199,0.0,0.0,0.0,0.0,0.0
12786,27.0,-0.032738637179136276,18.03643798828125,-0.6656711101531982,0.0,0.0,0.0,0.0,0.0
12800,14.0,-0.05157497152686119,10.929733276367188,-0.6664863228797913,0.0,0.0,0.0,0.0,0.0
12815,15.0,-0.025723205879330635,10.889302253723145,-0.6593749523162842,0.0,0.0,0.0,0.0,0.0
12860,45.0,-0.02514035627245903,50.07460021972656,-0.6739445328712463,0.0,0.0,0.0,0.0,0.0
12873,13.0,-0.012040916830301285,21.57414436340332,-0.6752578020095825,0.0,0.0,0.0,0.0,0.0
12897,24.0,-0.05193677917122841,16.19304847717285,-0.6767742037773132,0.0,0.0,0.0,0.0,0.0
12910,13.0,-0.06757333129644394,8.61995792388916,-0.6595152616500854,0.0,0.0,0.0,0.0,0.0
12952,42.0,-0.025785008445382118,49.75154113769531,-0.665922999382019,0.0,0.0,0.0,0.0,0.0
12997,45.0,-0.01428736187517643,57.99420928955078,-0.6778272390365601,0.0,0.0,0.0,0.0,0.0
13007,10.0,-0.07915845513343811,11.837262153625488,-0.6473398804664612,0.0,0.0,0.0,0.0,0.0
13031,24.0,-0.020318929105997086,11.967175483703613,-0.658911406993866,0.0,0.0,0.0,0.0,0.0
13046,15.0,-0.034378256648778915,18.066381454467773,-0.6702784895896912,0.0,0.0,0.0,0.0,0.0
13071,25.0,-0.012697040103375912,16.0262393951416,-0.6552413702011108,0.0,0.0,0.0,0.0,0.0
13090,19.0,-0.07200581580400467,17.863754272460938,-0.6798431873321533,0.0,0.0,0.0,0.0,0.0
13142,52.0,-0.04526005685329437,57.551307678222656,-0.6813564300537109,0.0,0.0,0.0,0.0,0.0
13172,30.0,-0.038226936012506485,25.224445343017578,-0.6719110608100891,0.0,0.0,0.0,0.0,0.0
13198,26.0,0.015517059713602066,28.186420440673828,-0.674502432346344,0.0,0.0,0.0,0.0,0.0
13221,23.0,-0.06927432864904404,8.053237915039062,-0.6696022152900696,0.0,0.0,0.0,0.0,0.0
13234,13.0,-0.046653810888528824,7.027955055236816,-0.6818071603775024,0.0,0.0,0.0,0.0,0.0
13267,33.0,-0.04633098840713501,19.475025177001953,-0.6686596870422363,0.0,0.0,0.0,0.0,0.0
13282,15.0,-0.009681970812380314,19.634733200073242,-0.6659927368164062,0.0,0.0,0.0,0.0,0.0
13314,32.0,-0.0549299493432045,22.521663665771484,-0.6684671640396118,0.0,0.0,0.0,0.0,0.0
13337,23.0,-0.014521416276693344,19.99972915649414,-0.664580225944519,0.0,0.0,0.0,0.0,0.0
13360,23.0,-0.07313825935125351,6.843870639801025,-0.6677777767181396,0.0,0.0,0.0,0.0,0.0
13376,16.0,-0.05114331468939781,15.185589790344238,-0.6646870374679565,0.0,0.0,0.0,0.0,0.0
13391,15.0,-0.06374696642160416,10.996443748474121,-0.6778176426887512,0.0,0.0,0.0,0.0,0.0
13407,16.0,-0.09261894971132278,5.672147750854492,-0.6444842219352722,0.0,0.0,0.0,0.0,0.0
13431,24.0,-0.02997218631207943,21.683130264282227,-0.6807387471199036,0.0,0.0,0.0,0.0,0.0
13534,103.0,0.16975805163383484,106.5003662109375,-0.6815176010131836,0.0,0.0,0.0,0.0,0.0
13550,16.0,-0.042882099747657776,6.045044898986816,-0.6400905847549438,0.0,0.0,0.0,0.0,0.0
13564,14.0,-0.10541180521249771,5.399665832519531,-0.6382042169570923,0.0,0.0,0.0,0.0,0.0
13583,19.0,-0.055277612060308456,5.645871639251709,-0.6794137358665466,0.0,0.0,0.0,0.0,0.0
13598,15.0,-0.04022395983338356,10.54254150390625,-0.6259282231330872,0.0,0.0,0.0,0.0,0.0
13631,33.0,-0.008310570381581783,33.076351165771484,-0.6693819761276245,0.0,0.0,0.0,0.0,0.0
13650,19.0,-0.03851214423775673,5.99907922744751,-0.6841427683830261,0.0,0.0,0.0,0.0,0.0
13667,17.0,0.05900881439447403,13.396134376525879,-0.6425995826721191,0.0,0.0,0.0,0.0,0.0
13771,104.0,0.060988157987594604,121.9693374633789,-0.6804083585739136,0.0,0.0,0.0,0.0,0.0
13830,59.0,-0.029918532818555832,89.28588104248047,-0.6736415028572083,0.0,0.0,0.0,0.0,0.0
13863,33.0,-0.03247511759400368,27.733381271362305,-0.6626057624816895,0.0,0.0,0.0,0.0,0.0
13934,71.0,-0.27595284581184387,93.17310333251953,-0.6778985857963562,0.0,0.0,0.0,0.0,0.0
13955,21.0,-0.06342840939760208,10.572669982910156,-0.6642194986343384,0.0,0.0,0.0,0.0,0.0
13972,17.0,-0.03186037763953209,11.653160095214844,-0.6679126620292664,0.0,0.0,0.0,0.0,0.0
13982,10.0,-0.04173356667160988,15.056093215942383,-0.6700696349143982,0.0,0.0,0.0,0.0,0.0
14004,22.0,-0.0410548597574234,9.009777069091797,-0.6716770529747009,0.0,0.0,0.0,0.0,0.0
14054,50.0,-0.023883895948529243,88.39521789550781,-0.6789626479148865,0.0,0.0,0.0,0.0,0.0
14072,18.0,-0.0012589493999257684,12.789203643798828,-0.6714649796485901,0.0,0.0,0.0,0.0,0.0
14115,43.0,-0.04274679347872734,56.34241485595703,-0.6833881139755249,0.0,0.0,0.0,0.0,0.0
14125,10.0,-0.12591537833213806,22.92264747619629,-0.6585596799850464,0.0,0.0,0.0,0.0,0.0
14138,13.0,-0.06703947484493256,13.619770050048828,-0.6838096976280212,0.0,0.0,0.0,0.0,0.0
14152,14.0,-0.07044824957847595,13.69572639465332,-0.6839603781700134,0.0,0.0,0.0,0.0,0.0
14195,43.0,-0.03016657382249832,46.496192932128906,-0.6789997220039368,0.0,0.0,0.0,0.0,0.0
14246,51.0,-0.03425408527255058,71.7119369506836,-0.6801409721374512,0.0,0.0,0.0,0.0,0.0
14257,11.0,-0.09072823822498322,8.965309143066406,-0.6652674078941345,0.0,0.0,0.0,0.0,0.0
14279,22.0,-0.05680506303906441,7.795677185058594,-0.6597035527229309,0.0,0.0,0.0,0.0,0.0
14311,32.0,-0.006168141961097717,54.5499267578125,-0.6623220443725586,0.0,0.0,0.0,0.0,0.0
14336,25.0,0.028363091871142387,40.12891387939453,-0.6776190996170044,0.0,0.0,0.0,0.0,0.0
14392,56.0,-0.016811825335025787,79.08861541748047,-0.6674668192863464,0.0,0.0,0.0,0.0,0.0
14423,31.0,-0.05181414261460304,17.91037368774414,-0.6519376635551453,0.0,0.0,0.0,0.0,0.0
14527,104.0,0.04379318282008171,113.1619644165039,-0.6724110841751099,0.0,0.0,0.0,0.0,0.0
14548,21.0,-0.06357479840517044,7.343175888061523,-0.6557408571243286,0.0,0.0,0.0,0.0,0.0
14560,12.0,-0.047731637954711914,12.596653938293457,-0.6574766635894775,0.0,0.0,0.0,0.0,0.0
14593,33.0,-0.038039419800043106,22.907869338989258,-0.6660876870155334,0.0,0.0,0.0,0.0,0.0
14612,19.0,-0.03777112066745758,14.031384468078613,-0.6762517690658569,0.0,0.0,0.0,0.0,0.0
14638,26.0,-0.041650619357824326,21.074039459228516,-0.6753790378570557,0.0,0.0,0.0,0.0,0.0
14676,38.0,-0.02955705113708973,38.96152114868164,-0.6817303895950317,0.0,0.0,0.0,0.0,0.0
14699,23.0,-0.022007886320352554,30.26051139831543,-0.6705226302146912,0.0,0.0,0.0,0.0,0.0
14723,24.0,-0.07173565775156021,11.83582592010498,-0.6690130829811096,0.0,0.0,0.0,0.0,0.0
14734,11.0,-0.07437703758478165,11.071048736572266,-0.6794769167900085,0.0,0.0,0.0,0.0,0.0
14775,41.0,-0.01957458257675171,39.61349868774414,-0.674452543258667,0.0,0.0,0.0,0.0,0.0
14793,18.0,-0.024059316143393517,14.66020393371582,-0.6689273715019226,0.0,0.0,0.0,0.0,0.0
14809,16.0,-0.10934484750032425,8.386335372924805,-0.6686704158782959,0.0,0.0,0.0,0.0,0.0
14820,11.0,-0.04837176948785782,9.453461647033691,-0.6738388538360596,0.0,0.0,0.0,0.0,0.0
14860,40.0,-0.048569340258836746,32.46977615356445,-0.6682560443878174,0.0,0.0,0.0,0.0,0.0
14871,11.0,-0.05764172226190567,11.347256660461426,-0.6536187529563904,0.0,0.0,0.0,0.0,0.0
14916,45.0,-0.027201015502214432,49.90398406982422,-0.675823450088501,0.0,0.0,0.0,0.0,0.0
14946,30.0,-0.0033961073495447636,48.907508850097656,-0.6715975999832153,0.0,0.0,0.0,0.0,0.0
14969,23.0,-0.024668049067258835,10.911177635192871,-0.6749205589294434,0.0,0.0,0.0,0.0,0.0
15000,31.0,-0.006532391998916864,72.26939392089844,-0.6804059743881226,0.0,0.0,0.0,0.0,0.0
